{"P-Day": {"duration": {"min": 18221.0, "max": 31709.0, "mean": 25696.6875, "median": 26032.5, "std": 3361.960276734951}, "start": {"min": 20156.0, "max": 36371.0, "mean": 30236.25, "median": 30868.5, "std": 3698.3505698486724}}, "S-Short": {"duration": {"min": 506.0, "max": 10716.0, "mean": 4542.0, "median": 4020.0, "std": 2640.341858940897}, "start": {"min": 38042.0, "max": 74276.0, "mean": 58869.339622641506, "median": 60627.0, "std": 10020.27940510416}}, "Home": {"duration": {"min": 1.0, "max": 3867.0, "mean": 615.0267857142857, "median": 1.0, "std": 1075.1883677143462}, "start": {"min": 36269.0, "max": 81734.0, "mean": 62314.97321428572, "median": 63065.5, "std": 10022.203144286887}}, "P-Morning": {"duration": {"min": 8582.0, "max": 25696.0, "mean": 14005.620689655172, "median": 12912.0, "std": 3809.91628484183}, "start": {"min": 21561.0, "max": 37222.0, "mean": 28216.689655172413, "median": 28115.0, "std": 3090.9667286270146}}, "S-Long": {"duration": {"min": 4307.0, "max": 19605.0, "mean": 10875.862068965518, "median": 10450.0, "std": 3483.159383565423}, "start": {"min": 29056.0, "max": 56477.0, "mean": 40684.137931034486, "median": 40554.0, "std": 5651.274142107326}}, "P-Afternoon": {"duration": {"min": 5391.0, "max": 20222.0, "mean": 14020.382352941177, "median": 14239.0, "std": 3137.792405073293}, "start": {"min": 38911.0, "max": 62298.0, "mean": 50217.029411764706, "median": 50215.0, "std": 5208.75398042053}}}