TAZ,Name,#Nodes,Area
-812,Hay Hassani nord,2723,1156508.7415143396
-816,Hay salam,3897,3273395.466237831
-820,Oulfa,5111,2588391.515380893
-832,Lissasfa Nord,4347,2264719.3134911163
-855,Hay hassani sud,4205,1893312.2676742487
-859,CFC,4340,2426154.324799226
