TAZ,Name,#Nodes,Area
-2030,Oulfa,5119,2583049.23790885
-2036,Lissasfa Nord,4350,2260044.3644793537
-2051,CFC,4360,2421144.3529626294
-2075,Hay hassani sud,4214,1889403.733532263
-2081,Hay Hassani nord,2745,1154120.7762281813
-2089,Hay salam,3907,3266639.6180221536
