TAZ,Name,#Nodes,Area
-4065,Hay salam,3907,3255741.066997732
-4069,Oulfa,5119,2574429.9179031234
-4094,Hay Hassani nord,2745,1150267.7924715315
-4101,CFC,4362,2413063.4655981427
-4105,Hay hassani sud,4230,1883097.4928588509
-4111,Lissasfa Nord,4350,2252504.139269056
