TAZ,Name,#Nodes,Area
-1891,Oulfa,5117,2583642.7889466397
-1897,Hay Hassani nord,2745,1154386.0834294655
-1903,CFC,4360,2421701.0549645936
-1919,Lissasfa Nord,4349,2260563.8490539915
-1932,Hay hassani sud,4214,1889837.9838479778
-1949,Hay salam,3906,3267390.269233662
